{
  "version": 1,
  "author": "CARL MAVERICK M. SABILE",
  "editor": "wokwi",
  "parts": [
    { "type": "wokwi-breadboard", "id": "bb1", "top": -108.6, "left": -45.2, "attrs": {} },
    {
      "type": "board-esp32-devkit-c-v4",
      "id": "esp",
      "top": -115.2,
      "left": -167.96,
      "attrs": {}
    },
    { "type": "wokwi-potentiometer", "id": "pot1", "top": -202.9, "left": 9.4, "attrs": {} },
    {
      "type": "wokwi-lcd2004",
      "id": "lcd1",
      "top": -300.8,
      "left": 130.4,
      "attrs": { "pins": "i2c" }
    },
    {
      "type": "wokwi-buzzer",
      "id": "bz1",
      "top": -64.8,
      "left": -7.8,
      "attrs": { "volume": "0.1" }
    },
    {
      "type": "wokwi-resistor",
      "id": "r1",
      "top": 52.8,
      "left": -10.15,
      "rotate": 90,
      "attrs": { "value": "1000" }
    },
    { "type": "wokwi-led", "id": "led1", "top": -32.4, "left": 71, "attrs": { "color": "red" } },
    {
      "type": "wokwi-led",
      "id": "led2",
      "top": -32.4,
      "left": 128.6,
      "attrs": { "color": "green" }
    },
    {
      "type": "wokwi-resistor",
      "id": "r2",
      "top": 52.8,
      "left": 57.05,
      "rotate": 90,
      "attrs": { "value": "1000" }
    },
    {
      "type": "wokwi-resistor",
      "id": "r3",
      "top": 52.8,
      "left": 114.65,
      "rotate": 90,
      "attrs": { "value": "1000" }
    }
  ],
  "connections": [
    [ "esp:TX", "$serialMonitor:RX", "", [] ],
    [ "esp:RX", "$serialMonitor:TX", "", [] ],
    [ "esp:GND.2", "bb1:tn.1", "black", [ "v0", "h48", "v9.6" ] ],
    [ "esp:3V3", "bb1:tp.1", "green", [ "h0.15", "v-38.4", "h163.2" ] ],
    [ "pot1:GND", "bb1:tn.5", "black", [ "v0" ] ],
    [ "pot1:VCC", "bb1:tp.6", "red", [ "v0" ] ],
    [ "esp:VP", "pot1:SIG", "green", [ "h-9.45", "v-67.2", "h163.2", "v19.2", "h57.6" ] ],
    [ "lcd1:GND", "bb1:tn.11", "black", [ "h0" ] ],
    [ "lcd1:VCC", "bb1:tp.12", "red", [ "h0" ] ],
    [ "lcd1:SDA", "esp:21", "green", [ "h-192", "v211.4" ] ],
    [ "lcd1:SCL", "esp:22", "green", [ "h-182.4", "v173.1" ] ],
    [ "bb1:tp.50", "bb1:bp.50", "green", [ "v0" ] ],
    [ "bb1:tn.49", "bb1:bn.49", "green", [ "v0" ] ],
    [ "esp:13", "bb1:6b.h", "green", [ "h-9.45", "v57.6", "h201.6" ] ],
    [ "bb1:13b.h", "esp:12", "green", [ "v86.4", "h-278.4", "v-86.4" ] ],
    [ "esp:14", "bb1:19b.h", "green", [ "h-28.65", "v105.6", "h345.6" ] ],
    [ "bz1:1", "bb1:5b.g", "", [ "$bb" ] ],
    [ "bz1:2", "bb1:6b.g", "", [ "$bb" ] ],
    [ "r1:1", "bb1:5b.h", "", [ "$bb" ] ],
    [ "r1:2", "bb1:bn.3", "", [ "$bb" ] ],
    [ "led1:A", "bb1:13b.f", "", [ "$bb" ] ],
    [ "led1:C", "bb1:12b.f", "", [ "$bb" ] ],
    [ "led2:A", "bb1:19b.f", "", [ "$bb" ] ],
    [ "led2:C", "bb1:18b.f", "", [ "$bb" ] ],
    [ "r2:1", "bb1:12b.h", "", [ "$bb" ] ],
    [ "r2:2", "bb1:bn.9", "", [ "$bb" ] ],
    [ "r3:1", "bb1:18b.h", "", [ "$bb" ] ],
    [ "r3:2", "bb1:bn.14", "", [ "$bb" ] ]
  ],
  "dependencies": {}
}